{
  "$schema": "https://schema.management.azure.com/schemas/2019-04-01/deploymentTemplate.json#",
  "contentVersion": "1.0.0.0",
  "parameters": {
    "location": {
      "type": "string",
      "defaultValue": "[resourceGroup().location]",
      "metadata": {
        "description": "Location for all resources."
      }
    }
  },
  "variables": {
    "sqlDatabaseName": "ZP_db",
    "sqlDatabaseEdition": "Standard",
    "sqlDatabaseTier": "Standard",
    "sqlDatabaseServiceObjective": "S0",
    "databaseVMCount": 1,
    "databaseVMSize": "Standard_D4s_v3",
    "databaseDiskSizeGB": 256,
    "sqlAdminUsername": "sqladmin",
    "sqlAdminPassword": "or@clePassw0rd1234!",
    "vmName": "ZP_SQL_dbVM"
  },
  "resources": [
    // Virtual Machine and other resources definitions...
    {
      "type": "Microsoft.Compute/virtualMachines",
      "apiVersion": "2021-04-01",
      "name": "ZP_SQL_dbVM",
      "location": "[parameters('location')]",
      "properties": {
        "hardwareProfile": {
          "vmSize": "[variables('databaseVMSize')]"
        },
        "storageProfile": {
          "osDisk": {
            "createOption": "fromImage",
            "managedDisk": {
              "storageAccountType": "Premium_LRS"
            },
            "diskSizeGB": "[variables('databaseDiskSizeGB')]"
          }
        },
        "osProfile": {
          "computerName": "ZP_SQL_dbVM",
          "adminUsername": "sqladmin",
          "adminPassword": "or@clePassw0rd1234!"
        },
        "networkProfile": {
          "networkInterfaces": [
            {
              "id": "[resourceId('Microsoft.Network/networkInterfaces', 'databaseNIC')]"
            }
          ]
        }
      }
    },
    {
      "type": "Microsoft.Sql/servers/databases",
      "apiVersion": "2021-08-01-preview",
      "name": "[concat(variables('vmName'), '/', variables('sqlDatabaseName'))]",
      "location": "[parameters('location')]",
      "dependsOn": [
        "[resourceId('Microsoft.Compute/virtualMachines', variables('vmName'))]"
      ],
      "properties": {
        "collation": "SQL_Latin1_General_CP1_CI_AS",
        "edition": "[variables('sqlDatabaseEdition')]",
        "maxSizeBytes": "*", // Max size 250 GB base on request
        "requestedServiceObjectiveName": "[variables('sqlDatabaseServiceObjective')]"
      }
    }
  ],
  "outputs": {}
}
