{
  "$schema": "https://schema.management.azure.com/schemas/2019-04-01/deploymentTemplate.json#",
  "contentVersion": "1.0.0.0",
  "resources": [
    {
      "type": "Microsoft.Network/networkSecurityGroups",
      "apiVersion": "2021-02-01",
      "name": "dbTier-NSG",
      "location": "[resourceGroup().location]",
      "properties": {
        "securityRules": [
          {
            "name": "Allow-inbound-HTTP",
            "properties": {
              "protocol": "Tcp",
              "sourcePortRange": "*",
              "destinationPortRange": "80",
              "sourceAddressPrefix": "*",
              "destinationAddressPrefix": "*",
              "access": "Allow",
              "priority": 100,
              "direction": "Inbound"
            }
          },
          {
            "name": "Allow-inbound-HTTPS",
            "properties": {
              "protocol": "Tcp",
              "sourcePortRange": "*",
              "destinationPortRange": "443",
              "sourceAddressPrefix": "*",
              "destinationAddressPrefix": "*",
              "access": "Allow",
              "priority": 101,
              "direction": "Inbound"
            }
          }
        ]
      }
    },
    {
      "type": "Microsoft.Network/networkSecurityGroups",
      "apiVersion": "2021-02-01",
      "name": "dbTier-NSG",
      "location": "[resourceGroup().location]",
      "properties": {
        "securityRules": [
          {
            "name": "Allow-inbound-SQL_traffic-from-Web",
            "properties": {
              "protocol": "Tcp",
              "sourcePortRange": "*",
              "destinationPortRange": "1433",
              "sourceAddressPrefix": "10.0.1.0/24", //Subnet prefix for the webTier subnet
              "destinationAddressPrefix": "*",
              "access": "Allow",
              "priority": 100,
              "direction": "Inbound"
            }
          }
        ]
      }
    }
  ]
}
