{
  "$schema": "https://schema.management.azure.com/schemas/2019-04-01/deploymentTemplate.json#",
  "contentVersion": "1.0.0.0",
  "parameters": {
    "location": {
      "type": "string",
      "defaultValue": "[resourceGroup().location]",
      "metadata": {
        "description": "Location for all resources."
      }
    }
  },
  "variables": {
    "webTierAvailabilitySetName": "WebTierAvailabilitySet",
    "webTierVMCount": 2,
    "webTierVMSize": "Standard_D2s_v3",
    "webTierDiskSizeGB": 128,
    "dbTierVMCount": 1,
    "dbTierVMSize": "Standard_D4s_v3",
    "dbTierDiskSizeGB": 256
  },
  "resources": [
    {
      "type": "Microsoft.Compute/availabilitySets",
      "apiVersion": "2021-04-01",
      "name": "[variables('webTierAvailabilitySetName')]",
      "location": "[parameters('location')]",
      "properties": {
        "platformFaultDomainCount": 2,
        "platformUpdateDomainCount": 2
      }
    },
    {
      "type": "Microsoft.Compute/virtualMachines",
      "apiVersion": "2021-04-01",
      "name": "ZP_webVM1",
      "location": "[parameters('location')]",
      // other properties===
    },
    {
      "type": "Microsoft.Compute/virtualMachines",
      "apiVersion": "2021-04-01",
      "name": "ZP_webVM2",
      "location": "[parameters('location')]",
      // other properties===
    },
    {
    "dependsOn": [
      "[resourceId('Microsoft.Compute/availabilitySets', variables('webTierAvailabilitySetName'))]"
    ],
    "properties": {
      "hardwareProfile": {
        "vmSize": "[variables('webTierVMSize')]"
    },
    "storageProfile": {
      "osDisk": {
        "createOption": "fromImage",
        "managedDisk": {
            "storageAccountType": "Premium_LRS"
            },
            "diskSizeGB": "[variables('webTierDiskSizeGB')]"
          }
        },
        "osProfile": {
          "computerName": "[concat('ZP_webVM1', copyIndex('ZP_webVM2'))]",
          "adminUsername": "administrator",
          "adminPassword": "P@ssword!23$"
        },
        "networkProfile": {
          "networkInterfaces": [
            {
              "id": "[resourceId('Microsoft.Network/networkInterfaces', concat('webNIC', copyIndex()))]"
            }
          ]
        }
      }
    },
    {
      "type": "Microsoft.Compute/virtualMachines",
      "apiVersion": "2021-04-01",
      "name": "ZP_dbVM",
      "location": "[parameters('location')]",
      "properties": {
        "hardwareProfile": {
          "vmSize": "[variables('dbTierVMSize')]"
        },
        "storageProfile": {
          "osDisk": {
            "createOption": "fromImage",
            "managedDisk": {
              "storageAccountType": "Premium_LRS"
            },
            "diskSizeGB": "[variables('dbTierDiskSizeGB')]"
          }
        },
        "osProfile": {
          "computerName": "ZP_dbVM",
          "adminUsername": "administrator",
          "adminPassword": "P@ssword!234$"
        },
        "networkProfile": {
          "networkInterfaces": [
            {
              "id": "[resourceId('Microsoft.Network/networkInterfaces', 'databaseNIC')]"
            }
          ]
        }
      }
    }
  ],
  "outputs": {}
}
