{
  "$schema": "https://schema.management.azure.com/schemas/2019-04-01/deploymentTemplate.json#",
  "contentVersion": "1.0.0.0",
  "parameters": {
    "vnetName": {
      "type": "string",
      "defaultValue": "ZP_VNet",
      "metadata": {
        "description": "VNet name"
      }
    },
    "vnetAddressPrefix": {
      "type": "string",
      "defaultValue": "10.0.0.0/16",
      "metadata": {
        "description": "Address prefix"
      }
    },
    "webTierSubnetPrefix": {
      "type": "string",
      "defaultValue": "10.0.0.0/24",
      "metadata": {
        "description": "webTierSubnet Prefix"
      }
    },
    "webTierSubnetName": {
      "type": "string",
      "defaultValue": "ZP_webSubnet",
      "metadata": {
        "description": "webTierSubnet Name"
      }
    },
    "dbTierSubnetPrefix": {
      "type": "string",
      "defaultValue": "10.0.1.0/24",
      "metadata": {
        "description": "dbTierSubnet Prefix"
      }
    },
    "dbTierSubnetName": {
      "type": "string",
      "defaultValue": "ZP_dbSubnet",
      "metadata": {
        "description": "dbTierSubnet Name"
      }
    },
    "location": {
      "type": "string",
      "defaultValue": "[resourceGroup().location]",
      "metadata": {
        "description": "Location for all resources."
      }
    }
  },
  "resources": [
    {
      "type": "Microsoft.Network/virtualNetworks",
      "apiVersion": "2021-08-01",
      "name": "[parameters('vnetName')]",
      "location": "[parameters('location')]",
      "properties": {
        "addressSpace": {
          "addressPrefixes": [
            "[parameters('vnetAddressPrefix')]"
          ]
        },
        "subnets": [
          {
            "name": "[parameters('webTierSubnetName')]",
            "properties": {
              "addressPrefix": "[parameters('webTierSubnetPrefix')]"
            }
          },
          {
            "name": "[parameters('dbTierSubnetName')]",
            "properties": {
              "addressPrefix": "[parameters('dbTierSubnetPrefix')]"
            }
          }
        ]
      }
    }
  ]
}